variable,western_mean,other_mean,u_stat,p_value,significant
providers_per_10k,0.9956521739130436,1.355064935064935,809.0,0.5295322660548658,
pct_uninsured_women,26.37434782608696,29.30038961038961,438.0,0.00025099765984261163,***
pct_poverty,14.75652173913043,15.602597402597404,812.0,0.549854603635854,
pct_no_vehicle,5.435217391304347,5.913506493506494,816.5,0.5747469118830837,
hpsa_score,17.565217391304348,17.558441558441558,751.5,0.27126731561777484,
pct_broadband,82.52826086956523,84.62246753246752,622.5,0.03155020020491474,*
